datetime,timestamp,user,src,out,time
2022-12-14 19:09:10,1671062950,AN***-KGNG,2022年里约热内卢锦标赛挑战组亲笔签名胶囊,印花 | Spinx | 2022年里约热内卢锦标赛,1671062950
2022-12-14 19:09:10,1671062950,AA***-N3ZN,2022年里约热内卢锦标赛冠军亲笔签名胶囊,印花 | Jame（冠军）| 2022年里约热内卢锦标赛,1671062950
2022-12-14 19:09:11,1671062951,AX***-DZVA,2022年里约热内卢锦标赛竞争组印花胶囊,印花 | GamerLegion（闪耀）| 2022年里约热内卢锦标赛,1671062951
2022-12-14 19:09:12,1671062952,S6***-DUTA,2022年里约热内卢锦标赛挑战组亲笔签名胶囊,印花 | Ax1Le | 2022年里约热内卢锦标赛,1671062952
2022-12-14 19:09:12,1671062952,SU***-W4HJ,梦魇武器箱,MP5-SD | 小小噩梦,1671062952
2022-12-14 19:09:14,1671062954,AA***-T8FL,左轮武器箱,内格夫 | 动力装载机,1671062954
2022-12-14 19:09:15,1671062955,SZ***-2KEA,2022年里约热内卢锦标赛传奇组亲笔签名胶囊,印花 | TeSeS | 2022年里约热内卢锦标赛,1671062955
2022-12-14 19:09:16,1671062956,SB***-7DQE,2022年里约热内卢锦标赛挑战组亲笔签名胶囊,印花 | apEX | 2022年里约热内卢锦标赛,1671062956
2022-12-14 19:09:17,1671062957,A3***-WXUJ,反冲武器箱,格洛克 18 型 | 冬季战术,1671062957
2022-12-14 19:09:17,1671062957,S7***-U3HG,地平线武器箱,双持贝瑞塔 | 碎片,1671062957
2022-12-14 19:09:20,1671062960,S6***-TQSE,命悬一线武器箱,SG 553（StatTrak™） | 阿罗哈,1671062960
2022-12-14 19:09:21,1671062961,AA***-N3ZN,2022年里约热内卢锦标赛冠军亲笔签名胶囊,印花 | n0rb3r7（冠军）| 2022年里约热内卢锦标赛,1671062961
2022-12-14 19:09:21,1671062961,AX***-DZVA,2022年里约热内卢锦标赛竞争组印花胶囊,印花 | Imperial Esports（全息）| 2022年里约热内卢锦标赛,1671062961
2022-12-14 19:09:21,1671062961,AH***-ZTPG,2022年里约热内卢锦标赛传奇组印花胶囊,印花 | Ninjas in Pyjamas | 2022年里约热内卢锦标赛,1671062961
2022-12-14 19:09:21,1671062961,AH***-99SA,2022年里约热内卢锦标赛冠军亲笔签名胶囊,印花 | n0rb3r7（冠军）| 2022年里约热内卢锦标赛,1671062961
2022-12-14 19:09:22,1671062962,AN***-KGNG,2022年里约热内卢锦标赛挑战组亲笔签名胶囊,印花 | syrsoN（闪耀）| 2022年里约热内卢锦标赛,1671062962
2022-12-14 19:09:23,1671062963,SB***-7DQE,2022年里约热内卢锦标赛挑战组亲笔签名胶囊,印花 | faveN | 2022年里约热内卢锦标赛,1671062963
2022-12-14 19:09:24,1671062964,AU***-6PNN,反冲武器箱,SG 553 | 青龙,1671062964
2022-12-14 19:09:25,1671062965,AH***-99SA,2022年里约热内卢锦标赛冠军亲笔签名胶囊,印花 | fame（闪耀，冠军）| 2022年里约热内卢锦标赛,1671062965
2022-12-14 19:09:26,1671062966,S6***-DUTA,2022年里约热内卢锦标赛挑战组亲笔签名胶囊,印花 | k1to | 2022年里约热内卢锦标赛,1671062966
2022-12-14 19:09:26,1671062966,AQ***-K5GJ,CS:GO 10周年印花胶囊,印花 | 军备竞速,1671062966
2022-12-14 19:09:26,1671062966,SZ***-2KEA,2022年里约热内卢锦标赛传奇组亲笔签名胶囊,印花 | v4lde | 2022年里约热内卢锦标赛,1671062966
2022-12-14 19:09:27,1671062967,AA***-T8FL,左轮武器箱,沙漠之鹰 | 科林斯遗产,1671062967
2022-12-14 19:09:27,1671062967,A6***-Y2HQ,反冲武器箱,格洛克 18 型 | 冬季战术,1671062967
2022-12-14 19:09:28,1671062968,A9***-CGTL,2022年里约热内卢锦标赛挑战组亲笔签名胶囊,印花 | autimatic | 2022年里约热内卢锦标赛,1671062968
2022-12-14 19:09:29,1671062969,AH***-99SA,2022年里约热内卢锦标赛冠军亲笔签名胶囊,印花 | FL1T（冠军）| 2022年里约热内卢锦标赛,1671062969
2022-12-14 19:09:29,1671062969,AA***-N3ZN,2022年里约热内卢锦标赛冠军亲笔签名胶囊,印花 | n0rb3r7（冠军）| 2022年里约热内卢锦标赛,1671062969
2022-12-14 19:09:29,1671062969,SQ***-WREC,2022年里约热内卢锦标赛传奇组印花胶囊,印花 | Ninjas in Pyjamas | 2022年里约热内卢锦标赛,1671062969
2022-12-14 19:09:29,1671062969,SB***-7DQE,2022年里约热内卢锦标赛挑战组亲笔签名胶囊,印花 | sinnopsyy | 2022年里约热内卢锦标赛,1671062969
2022-12-14 19:09:30,1671062970,S7***-U3HG,地平线武器箱,新星 | 玩具士兵,1671062970
2022-12-14 19:09:30,1671062970,AX***-DZVA,2022年里约热内卢锦标赛竞争组印花胶囊,印花 | Imperial Esports | 2022年里约热内卢锦标赛,1671062970
2022-12-14 19:09:32,1671062972,AH***-99SA,2022年里约热内卢锦标赛冠军亲笔签名胶囊,印花 | n0rb3r7（冠军）| 2022年里约热内卢锦标赛,1671062972
2022-12-14 19:09:33,1671062973,AH***-ZTPG,2022年里约热内卢锦标赛传奇组印花胶囊,印花 | Team Spirit | 2022年里约热内卢锦标赛,1671062973
2022-12-14 19:09:35,1671062975,SU***-W4HJ,梦魇武器箱,截短霰弹枪 | 灵应牌,1671062975
2022-12-14 19:09:35,1671062975,SZ***-2KEA,2022年里约热内卢锦标赛传奇组亲笔签名胶囊,印花 | s1mple | 2022年里约热内卢锦标赛,1671062975
2022-12-14 19:09:36,1671062976,AB***-U3VJ,幻彩 2 号武器箱,截短霰弹枪 | 千纸鹤,1671062976
2022-12-14 19:09:36,1671062976,AH***-99SA,2022年里约热内卢锦标赛冠军亲笔签名胶囊,印花 | Jame（冠军）| 2022年里约热内卢锦标赛,1671062976
2022-12-14 19:09:37,1671062977,SB***-7DQE,2022年里约热内卢锦标赛挑战组亲笔签名胶囊,印花 | torzsi | 2022年里约热内卢锦标赛,1671062977
2022-12-14 19:09:38,1671062978,AN***-KGNG,2022年里约热内卢锦标赛挑战组亲笔签名胶囊,印花 | torzsi（全息）| 2022年里约热内卢锦标赛,1671062978
2022-12-14 19:09:38,1671062978,AQ***-K5GJ,CS:GO 10周年印花胶囊,印花 | 百变战术,1671062978
2022-12-14 19:09:38,1671062978,AA***-N3ZN,2022年里约热内卢锦标赛冠军亲笔签名胶囊,印花 | FL1T（闪耀，冠军）| 2022年里约热内卢锦标赛,1671062978
2022-12-14 19:09:39,1671062979,SK***-XYGA,反冲武器箱,M4A4 | 透明弹匣,1671062979
2022-12-14 19:09:39,1671062979,AH***-99SA,2022年里约热内卢锦标赛冠军亲笔签名胶囊,印花 | fame（冠军）| 2022年里约热内卢锦标赛,1671062979
2022-12-14 19:09:39,1671062979,AA***-T8FL,左轮武器箱,R8 左轮手枪 | 深红之网,1671062979
2022-12-14 19:09:40,1671062980,S6***-DUTA,2022年里约热内卢锦标赛挑战组亲笔签名胶囊,印花 | nafany | 2022年里约热内卢锦标赛,1671062980
2022-12-14 19:09:41,1671062981,A9***-CGTL,2022年里约热内卢锦标赛挑战组亲笔签名胶囊,印花 | interz | 2022年里约热内卢锦标赛,1671062981
2022-12-14 19:09:46,1671062986,S7***-U3HG,地平线武器箱,R8 左轮手枪 | 生存主义者,1671062986
2022-12-14 19:09:46,1671062986,AH***-99SA,2022年里约热内卢锦标赛冠军亲笔签名胶囊,印花 | Jame（冠军）| 2022年里约热内卢锦标赛,1671062986
2022-12-14 19:09:46,1671062986,SB***-7DQE,2022年里约热内卢锦标赛挑战组亲笔签名胶囊,印花 | nexa | 2022年里约热内卢锦标赛,1671062986
2022-12-14 19:09:46,1671062986,SQ***-WREC,2022年里约热内卢锦标赛传奇组印花胶囊,印花 | Ninjas in Pyjamas（闪耀）| 2022年里约热内卢锦标赛,1671062986
2022-12-14 19:09:46,1671062986,SZ***-2KEA,2022年里约热内卢锦标赛传奇组亲笔签名胶囊,印花 | Staehr | 2022年里约热内卢锦标赛,1671062986
2022-12-14 19:09:46,1671062986,A3***-WXUJ,梦魇武器箱,MAG-7 | 先见之明,1671062986
2022-12-14 19:09:48,1671062988,AH***-99SA,2022年里约热内卢锦标赛冠军亲笔签名胶囊,印花 | Jame（冠军）| 2022年里约热内卢锦标赛,1671062988
2022-12-14 19:09:48,1671062988,AQ***-K5GJ,CS:GO 10周年印花胶囊,印花 | 小宝火蛇,1671062988
2022-12-14 19:09:48,1671062988,SU***-W4HJ,梦魇武器箱,MP5-SD | 小小噩梦,1671062988
2022-12-14 19:09:49,1671062989,AB***-U3VJ,伽玛武器箱,SG 553 | 轻空,1671062989
2022-12-14 19:09:49,1671062989,AA***-N3ZN,2022年里约热内卢锦标赛冠军亲笔签名胶囊,印花 | n0rb3r7（冠军）| 2022年里约热内卢锦标赛,1671062989
2022-12-14 19:09:50,1671062990,AN***-4XUA,地平线武器箱,Tec-9 | 蛇-9,1671062990
2022-12-14 19:09:50,1671062990,SB***-7DQE,2022年里约热内卢锦标赛挑战组亲笔签名胶囊,印花 | rigoN（闪耀）| 2022年里约热内卢锦标赛,1671062990
2022-12-14 19:09:50,1671062990,S6***-DUTA,2022年里约热内卢锦标赛传奇组亲笔签名胶囊,印花 | v4lde | 2022年里约热内卢锦标赛,1671062990
2022-12-14 19:09:51,1671062991,AT***-92PG,2022年里约热内卢锦标赛挑战组印花胶囊,印花 | Vitality | 2022年里约热内卢锦标赛,1671062991
2022-12-14 19:09:51,1671062991,A9***-CGTL,2022年里约热内卢锦标赛挑战组亲笔签名胶囊,印花 | gxx- | 2022年里约热内卢锦标赛,1671062991
2022-12-14 19:09:52,1671062992,AA***-T8FL,左轮武器箱,SCAR-20 | 丛林爆发,1671062992
2022-12-14 19:09:53,1671062993,SU***-W4HJ,梦魇武器箱,XM1014 | 行尸攻势,1671062993
2022-12-14 19:09:55,1671062995,SZ***-2KEA,2022年里约热内卢锦标赛传奇组亲笔签名胶囊,印花 | hampus（闪耀）| 2022年里约热内卢锦标赛,1671062995
2022-12-14 19:09:55,1671062995,A5***-6JRG,2022年里约热内卢锦标赛竞争组印花胶囊,印花 | IEM | 2022年里约热内卢锦标赛,1671062995
2022-12-14 19:09:56,1671062996,AR***-XCXC,2022年里约热内卢锦标赛传奇组印花胶囊,印花 | IEM | 2022年里约热内卢锦标赛,1671062996
2022-12-14 19:09:56,1671062996,AH***-99SA,2022年里约热内卢锦标赛冠军亲笔签名胶囊,印花 | FL1T（冠军）| 2022年里约热内卢锦标赛,1671062996
2022-12-14 19:09:57,1671062997,SB***-7DQE,2022年里约热内卢锦标赛挑战组亲笔签名胶囊,印花 | sh1ro（闪耀）| 2022年里约热内卢锦标赛,1671062997
2022-12-14 19:09:58,1671062998,AN***-KGNG,2022年里约热内卢锦标赛挑战组亲笔签名胶囊,印花 | Brehze | 2022年里约热内卢锦标赛,1671062998
2022-12-14 19:09:58,1671062998,SU***-W4HJ,梦魇武器箱,MAG-7 | 先见之明,1671062998
2022-12-14 19:09:59,1671062999,S7***-U3HG,地平线武器箱,MP9 | 毛细血管,1671062999
2022-12-14 19:10:00,1671063000,AL***-QYWL,命悬一线武器箱,XM1014 | 锈蚀烈焰,1671063000
2022-12-14 19:10:01,1671063001,SQ***-WREC,2022年里约热内卢锦标赛传奇组印花胶囊,印花 | ENCE（闪耀）| 2022年里约热内卢锦标赛,1671063001
2022-12-14 19:10:01,1671063001,AB***-U3VJ,伽玛武器箱,AUG | 贵族,1671063001
2022-12-14 19:10:01,1671063001,A9***-CGTL,2022年里约热内卢锦标赛挑战组亲笔签名胶囊,印花 | CeRq | 2022年里约热内卢锦标赛,1671063001
2022-12-14 19:10:02,1671063002,AT***-92PG,2022年里约热内卢锦标赛挑战组印花胶囊,印花 | IEM | 2022年里约热内卢锦标赛,1671063002
2022-12-14 19:10:02,1671063002,SU***-W4HJ,梦魇武器箱,MAG-7（StatTrak™） | 先见之明,1671063002
2022-12-14 19:10:03,1671063003,S6***-DUTA,2022年里约热内卢锦标赛传奇组亲笔签名胶囊,印花 | Dycha | 2022年里约热内卢锦标赛,1671063003
2022-12-14 19:10:04,1671063004,AH***-99SA,2022年里约热内卢锦标赛冠军亲笔签名胶囊,印花 | qikert（冠军）| 2022年里约热内卢锦标赛,1671063004
2022-12-14 19:10:04,1671063004,AA***-T8FL,左轮武器箱,G3SG1 | 行刑者,1671063004
2022-12-14 19:10:06,1671063006,SU***-W4HJ,梦魇武器箱,SCAR-20 | 暗夜活死鸡,1671063006
2022-12-14 19:10:08,1671063008,SZ***-2KEA,2022年里约热内卢锦标赛传奇组亲笔签名胶囊,印花 | chopper（全息）| 2022年里约热内卢锦标赛,1671063008
2022-12-14 19:10:09,1671063009,SU***-W4HJ,梦魇武器箱,截短霰弹枪 | 灵应牌,1671063009
2022-12-14 19:10:10,1671063010,SQ***-WREC,2022年里约热内卢锦标赛传奇组印花胶囊,印花 | FaZe Clan（闪耀）| 2022年里约热内卢锦标赛,1671063010
2022-12-14 19:10:12,1671063012,A6***-LLVQ,命悬一线武器箱,MP9 | 黑砂,1671063012
2022-12-14 19:10:12,1671063012,S7***-U3HG,地平线武器箱,R8 左轮手枪 | 生存主义者,1671063012
2022-12-14 19:10:13,1671063013,SU***-W4HJ,梦魇武器箱,USP 消音版 | 地狱门票,1671063013
2022-12-14 19:10:14,1671063014,A9***-CGTL,2022年里约热内卢锦标赛挑战组亲笔签名胶囊,印花 | nexa | 2022年里约热内卢锦标赛,1671063014
2022-12-14 19:10:14,1671063014,AB***-U3VJ,伽玛武器箱,新星 | Exo,1671063014
2022-12-14 19:10:14,1671063014,S6***-DUTA,2022年里约热内卢锦标赛传奇组亲笔签名胶囊,印花 | stavn（闪耀）| 2022年里约热内卢锦标赛,1671063014
2022-12-14 19:10:14,1671063014,AH***-99SA,2022年里约热内卢锦标赛冠军亲笔签名胶囊,印花 | qikert（冠军）| 2022年里约热内卢锦标赛,1671063014
2022-12-14 19:10:14,1671063014,AT***-92PG,2022年里约热内卢锦标赛挑战组印花胶囊,印花 | BIG | 2022年里约热内卢锦标赛,1671063014
2022-12-14 19:10:16,1671063016,AL***-QYWL,地平线武器箱,新星 | 玩具士兵,1671063016
2022-12-14 19:10:17,1671063017,AH***-99SA,2022年里约热内卢锦标赛冠军亲笔签名胶囊,印花 | n0rb3r7（冠军）| 2022年里约热内卢锦标赛,1671063017
2022-12-14 19:10:17,1671063017,AA***-T8FL,左轮武器箱,AUG | 弹跳线条,1671063017
2022-12-14 19:10:17,1671063017,SU***-W4HJ,梦魇武器箱,XM1014 | 行尸攻势,1671063017
2022-12-14 19:10:20,1671063020,AH***-99SA,2022年里约热内卢锦标赛冠军亲笔签名胶囊,印花 | fame（冠军）| 2022年里约热内卢锦标赛,1671063020
2022-12-14 19:10:20,1671063020,SQ***-WREC,2022年里约热内卢锦标赛传奇组印花胶囊,印花 | FaZe Clan | 2022年里约热内卢锦标赛,1671063020
2022-12-14 19:10:20,1671063020,SU***-W4HJ,梦魇武器箱,MAC-10 | 坐牢,1671063020
2022-12-14 19:10:21,1671063021,AR***-XCXC,2022年里约热内卢锦标赛冠军亲笔签名胶囊,印花 | n0rb3r7（闪耀，冠军）| 2022年里约热内卢锦标赛,1671063021
2022-12-14 19:10:21,1671063021,SZ***-2KEA,2022年里约热内卢锦标赛传奇组亲笔签名胶囊,印花 | S1ren | 2022年里约热内卢锦标赛,1671063021
2022-12-14 19:10:23,1671063023,AH***-99SA,2022年里约热内卢锦标赛冠军亲笔签名胶囊,印花 | fame（冠军）| 2022年里约热内卢锦标赛,1671063023
2022-12-14 19:10:23,1671063023,AT***-92PG,2022年里约热内卢锦标赛挑战组印花胶囊,印花 | Vitality（闪耀）| 2022年里约热内卢锦标赛,1671063023
2022-12-14 19:10:24,1671063024,S7***-U3HG,地平线武器箱,格洛克 18 型 | 战鹰,1671063024
2022-12-14 19:10:25,1671063025,AH***-99SA,2022年里约热内卢锦标赛冠军亲笔签名胶囊,印花 | Jame（冠军）| 2022年里约热内卢锦标赛,1671063025
2022-12-14 19:10:28,1671063028,AH***-99SA,2022年里约热内卢锦标赛冠军亲笔签名胶囊,印花 | FL1T（闪耀，冠军）| 2022年里约热内卢锦标赛,1671063028
2022-12-14 19:10:28,1671063028,A6***-LLVQ,命悬一线武器箱,UMP-45 | 白狼,1671063028
2022-12-14 19:10:29,1671063029,AA***-T8FL,左轮武器箱,FN57 | 朝枪夕拾,1671063029
2022-12-14 19:10:30,1671063030,A9***-CGTL,2022年里约热内卢锦标赛挑战组亲笔签名胶囊,印花 | ZywOo | 2022年里约热内卢锦标赛,1671063030
2022-12-14 19:10:30,1671063030,SQ***-WREC,2022年里约热内卢锦标赛传奇组印花胶囊,印花 | Team Liquid | 2022年里约热内卢锦标赛,1671063030
2022-12-14 19:10:31,1671063031,SZ***-2KEA,2022年里约热内卢锦标赛传奇组亲笔签名胶囊,印花 | Dycha | 2022年里约热内卢锦标赛,1671063031
2022-12-14 19:10:32,1671063032,AB***-U3VJ,伽玛武器箱,PP-野牛 | 收割机,1671063032
2022-12-14 19:10:32,1671063032,AU***-6PNN,伽玛 2 号武器箱,G3SG1 | 通风机,1671063032
2022-12-14 19:10:33,1671063033,AH***-99SA,2022年里约热内卢锦标赛冠军亲笔签名胶囊,印花 | qikert（闪耀，冠军）| 2022年里约热内卢锦标赛,1671063033
2022-12-14 19:10:35,1671063035,SU***-W4HJ,梦魇武器箱,截短霰弹枪（StatTrak™） | 灵应牌,1671063035
2022-12-14 19:10:36,1671063036,AH***-99SA,2022年里约热内卢锦标赛冠军亲笔签名胶囊,印花 | n0rb3r7（冠军）| 2022年里约热内卢锦标赛,1671063036
2022-12-14 19:10:36,1671063036,AT***-92PG,2022年里约热内卢锦标赛挑战组印花胶囊,印花 | Cloud9（闪耀）| 2022年里约热内卢锦标赛,1671063036
2022-12-14 19:10:37,1671063037,S7***-U3HG,地平线武器箱,R8 左轮手枪 | 生存主义者,1671063037
2022-12-14 19:10:40,1671063040,AH***-99SA,2022年里约热内卢锦标赛冠军亲笔签名胶囊,印花 | fame（冠军）| 2022年里约热内卢锦标赛,1671063040
2022-12-14 19:10:41,1671063041,SZ***-2KEA,2022年里约热内卢锦标赛传奇组亲笔签名胶囊,印花 | Brollan | 2022年里约热内卢锦标赛,1671063041
2022-12-14 19:10:41,1671063041,A9***-CGTL,2022年里约热内卢锦标赛挑战组亲笔签名胶囊,印花 | dav1deuS（全息）| 2022年里约热内卢锦标赛,1671063041
2022-12-14 19:10:41,1671063041,SQ***-WREC,2022年里约热内卢锦标赛传奇组印花胶囊,印花 | Ninjas in Pyjamas | 2022年里约热内卢锦标赛,1671063041
2022-12-14 19:10:42,1671063042,AA***-T8FL,左轮武器箱,AUG | 弹跳线条,1671063042
2022-12-14 19:10:43,1671063043,AH***-99SA,2022年里约热内卢锦标赛冠军亲笔签名胶囊,印花 | qikert（冠军）| 2022年里约热内卢锦标赛,1671063043
2022-12-14 19:10:45,1671063045,SU***-W4HJ,梦魇武器箱,MAC-10 | 坐牢,1671063045
2022-12-14 19:10:47,1671063047,A6***-LLVQ,命悬一线武器箱,FN57 | 焰色反应,1671063047
2022-12-14 19:10:48,1671063048,AT***-92PG,2022年里约热内卢锦标赛挑战组印花胶囊,印花 | MOUZ（闪耀）| 2022年里约热内卢锦标赛,1671063048
2022-12-14 19:10:49,1671063049,S7***-U3HG,地平线武器箱,双持贝瑞塔 | 碎片,1671063049
2022-12-14 19:10:50,1671063050,SZ***-2KEA,2022年里约热内卢锦标赛传奇组亲笔签名胶囊,印花 | chopper | 2022年里约热内卢锦标赛,1671063050
2022-12-14 19:10:52,1671063052,SQ***-WREC,2022年里约热内卢锦标赛传奇组印花胶囊,印花 | Natus Vincere（闪耀）| 2022年里约热内卢锦标赛,1671063052
2022-12-14 19:10:53,1671063053,SU***-W4HJ,梦魇武器箱,P2000（StatTrak™） | 升天,1671063053
2022-12-14 19:10:55,1671063055,AA***-T8FL,左轮武器箱,AUG（StatTrak™） | 弹跳线条,1671063055
2022-12-14 19:10:57,1671063057,SU***-W4HJ,梦魇武器箱,SCAR-20 | 暗夜活死鸡,1671063057
2022-12-14 19:11:01,1671063061,SZ***-2KEA,2022年里约热内卢锦标赛传奇组亲笔签名胶囊,印花 | maden | 2022年里约热内卢锦标赛,1671063061
2022-12-14 19:11:01,1671063061,AT***-92PG,2022年里约热内卢锦标赛挑战组印花胶囊,印花 | MOUZ | 2022年里约热内卢锦标赛,1671063061
2022-12-14 19:11:02,1671063062,S7***-U3HG,地平线武器箱,双持贝瑞塔 | 碎片,1671063062
2022-12-14 19:11:04,1671063064,SQ***-WREC,2022年里约热内卢锦标赛传奇组印花胶囊,印花 | ENCE | 2022年里约热内卢锦标赛,1671063064
2022-12-14 19:11:07,1671063067,AA***-T8FL,左轮武器箱,P2000 | 至高帝皇,1671063067
2022-12-14 19:11:10,1671063070,SB***-7DQE,2022年里约热内卢锦标赛传奇组亲笔签名胶囊,印花 | Snappi | 2022年里约热内卢锦标赛,1671063070
2022-12-14 19:11:12,1671063072,SZ***-2KEA,2022年里约热内卢锦标赛传奇组亲笔签名胶囊,印花 | YEKINDAR | 2022年里约热内卢锦标赛,1671063072
2022-12-14 19:11:13,1671063073,A8***-6WUG,反冲武器箱,格洛克 18 型 | 冬季战术,1671063073
2022-12-14 19:11:14,1671063074,S7***-U3HG,地平线武器箱,R8 左轮手枪 | 生存主义者,1671063074
2022-12-14 19:11:15,1671063075,S8***-5LGG,反冲武器箱,UMP-45 | 路障,1671063075
2022-12-14 19:11:15,1671063075,AT***-92PG,2022年里约热内卢锦标赛挑战组印花胶囊,印花 | Evil Geniuses | 2022年里约热内卢锦标赛,1671063075
2022-12-14 19:11:16,1671063076,AN***-KGNG,2022年里约热内卢锦标赛挑战组亲笔签名胶囊,印花 | F1KU | 2022年里约热内卢锦标赛,1671063076
2022-12-14 19:11:16,1671063076,SE***-DCTL,2022年里约热内卢锦标赛冠军亲笔签名胶囊,印花 | qikert（闪耀，冠军）| 2022年里约热内卢锦标赛,1671063076
2022-12-14 19:11:18,1671063078,SB***-7DQE,2022年里约热内卢锦标赛传奇组亲笔签名胶囊,印花 | TeSeS | 2022年里约热内卢锦标赛,1671063078
2022-12-14 19:11:20,1671063080,AA***-T8FL,左轮武器箱,SCAR-20 | 丛林爆发,1671063080
2022-12-14 19:11:21,1671063081,SD***-BUPL,2022年里约热内卢锦标赛竞争组印花胶囊,印花 | Imperial Esports | 2022年里约热内卢锦标赛,1671063081
2022-12-14 19:11:21,1671063081,SZ***-2KEA,2022年里约热内卢锦标赛传奇组亲笔签名胶囊,印花 | REZ | 2022年里约热内卢锦标赛,1671063081
2022-12-14 19:11:22,1671063082,SQ***-WREC,2022年里约热内卢锦标赛传奇组印花胶囊,印花 | Ninjas in Pyjamas（闪耀）| 2022年里约热内卢锦标赛,1671063082
2022-12-14 19:11:25,1671063085,AT***-92PG,2022年里约热内卢锦标赛挑战组印花胶囊,印花 | Evil Geniuses | 2022年里约热内卢锦标赛,1671063085
2022-12-14 19:11:27,1671063087,SQ***-WREC,2022年里约热内卢锦标赛传奇组印花胶囊,印花 | Heroic | 2022年里约热内卢锦标赛,1671063087
2022-12-14 19:11:27,1671063087,S7***-U3HG,地平线武器箱,Tec-9（StatTrak™） | 蛇-9,1671063087
2022-12-14 19:11:27,1671063087,SB***-7DQE,2022年里约热内卢锦标赛传奇组亲笔签名胶囊,印花 | maden（全息）| 2022年里约热内卢锦标赛,1671063087
2022-12-14 19:11:32,1671063092,SZ***-2KEA,2022年里约热内卢锦标赛传奇组亲笔签名胶囊,印花 | NAF | 2022年里约热内卢锦标赛,1671063092
2022-12-14 19:11:32,1671063092,SD***-BUPL,2022年里约热内卢锦标赛竞争组印花胶囊,印花 | 00 Nation | 2022年里约热内卢锦标赛,1671063092
2022-12-14 19:11:32,1671063092,AN***-KGNG,2022年里约热内卢锦标赛挑战组亲笔签名胶囊,印花 | Spinx | 2022年里约热内卢锦标赛,1671063092
2022-12-14 19:11:32,1671063092,AA***-T8FL,左轮武器箱,沙漠之鹰 | 科林斯遗产,1671063092
2022-12-14 19:11:33,1671063093,A9***-CGTL,2022年里约热内卢锦标赛挑战组亲笔签名胶囊,印花 | tabseN | 2022年里约热内卢锦标赛,1671063093
2022-12-14 19:11:35,1671063095,AH***-99SA,2022年里约热内卢锦标赛冠军亲笔签名胶囊,印花 | Jame（冠军）| 2022年里约热内卢锦标赛,1671063095
2022-12-14 19:11:35,1671063095,AT***-92PG,2022年里约热内卢锦标赛挑战组印花胶囊,印花 | BIG（闪耀）| 2022年里约热内卢锦标赛,1671063095
2022-12-14 19:11:37,1671063097,SQ***-WREC,2022年里约热内卢锦标赛传奇组印花胶囊,印花 | Team Spirit | 2022年里约热内卢锦标赛,1671063097
2022-12-14 19:11:37,1671063097,AH***-99SA,2022年里约热内卢锦标赛冠军亲笔签名胶囊,印花 | FL1T（冠军）| 2022年里约热内卢锦标赛,1671063097
2022-12-14 19:11:38,1671063098,SF***-DZRN,StatTrak™ 激进音乐集,音乐盒（StatTrak™） | Blitz Kids - 有为青年,1671063098
2022-12-14 19:11:39,1671063099,S7***-U3HG,地平线武器箱,双持贝瑞塔 | 碎片,1671063099
2022-12-14 19:11:40,1671063100,AH***-99SA,2022年里约热内卢锦标赛冠军亲笔签名胶囊,印花 | Jame（冠军）| 2022年里约热内卢锦标赛,1671063100
2022-12-14 19:11:42,1671063102,SZ***-2KEA,2022年里约热内卢锦标赛传奇组亲笔签名胶囊,印花 | Twistzz | 2022年里约热内卢锦标赛,1671063102
2022-12-14 19:11:42,1671063102,AH***-99SA,2022年里约热内卢锦标赛冠军亲笔签名胶囊,印花 | Jame（闪耀，冠军）| 2022年里约热内卢锦标赛,1671063102
2022-12-14 19:11:43,1671063103,A9***-CGTL,2022年里约热内卢锦标赛挑战组亲笔签名胶囊,印花 | dexter（闪耀）| 2022年里约热内卢锦标赛,1671063103
2022-12-14 19:11:44,1671063104,SD***-BUPL,2022年里约热内卢锦标赛竞争组印花胶囊,印花 | Outsiders（闪耀）| 2022年里约热内卢锦标赛,1671063104
2022-12-14 19:11:45,1671063105,AA***-T8FL,左轮武器箱,SCAR-20 | 丛林爆发,1671063105
2022-12-14 19:11:45,1671063105,AH***-99SA,2022年里约热内卢锦标赛冠军亲笔签名胶囊,印花 | FL1T（冠军）| 2022年里约热内卢锦标赛,1671063105
2022-12-14 19:11:46,1671063106,AT***-92PG,2022年里约热内卢锦标赛挑战组印花胶囊,印花 | Cloud9（闪耀）| 2022年里约热内卢锦标赛,1671063106
2022-12-14 19:11:47,1671063107,SQ***-WREC,2022年里约热内卢锦标赛传奇组印花胶囊,印花 | Team Liquid | 2022年里约热内卢锦标赛,1671063107
2022-12-14 19:11:48,1671063108,AH***-99SA,2022年里约热内卢锦标赛冠军亲笔签名胶囊,印花 | n0rb3r7（冠军）| 2022年里约热内卢锦标赛,1671063108
2022-12-14 19:11:51,1671063111,S8***-5LGG,反冲武器箱,内格夫 | 丢把枪,1671063111
2022-12-14 19:11:52,1671063112,SZ***-2KEA,2022年里约热内卢锦标赛传奇组亲笔签名胶囊,印花 | nitr0（闪耀）| 2022年里约热内卢锦标赛,1671063112
2022-12-14 19:11:52,1671063112,S7***-U3HG,地平线武器箱,CZ75 | 经济,1671063112
2022-12-14 19:11:53,1671063113,AH***-99SA,2022年里约热内卢锦标赛冠军亲笔签名胶囊,印花 | qikert（全息，冠军）| 2022年里约热内卢锦标赛,1671063113
2022-12-14 19:11:56,1671063116,AH***-99SA,2022年里约热内卢锦标赛冠军亲笔签名胶囊,印花 | FL1T（冠军）| 2022年里约热内卢锦标赛,1671063116
2022-12-14 19:11:57,1671063117,AA***-T8FL,左轮武器箱,沙漠之鹰 | 科林斯遗产,1671063117
2022-12-14 19:11:58,1671063118,SB***-7DQE,2022年里约热内卢锦标赛传奇组亲笔签名胶囊,印花 | stavn | 2022年里约热内卢锦标赛,1671063118
2022-12-14 19:11:59,1671063119,AT***-92PG,2022年里约热内卢锦标赛挑战组印花胶囊,印花 | 9z Team | 2022年里约热内卢锦标赛,1671063119
2022-12-14 19:11:59,1671063119,SQ***-WREC,2022年里约热内卢锦标赛传奇组印花胶囊,印花 | Sprout Esports | 2022年里约热内卢锦标赛,1671063119
2022-12-14 19:12:01,1671063121,AT***-ATWA,命悬一线武器箱,P2000 | 都市危机,1671063121
2022-12-14 19:12:02,1671063122,AH***-99SA,2022年里约热内卢锦标赛冠军亲笔签名胶囊,印花 | fame（全息，冠军）| 2022年里约热内卢锦标赛,1671063122
2022-12-14 19:12:02,1671063122,AR***-XCXC,2022年里约热内卢锦标赛冠军亲笔签名胶囊,印花 | Jame（冠军）| 2022年里约热内卢锦标赛,1671063122
2022-12-14 19:12:03,1671063123,SZ***-2KEA,2022年里约热内卢锦标赛传奇组亲笔签名胶囊,印花 | karrigan | 2022年里约热内卢锦标赛,1671063123
2022-12-14 19:12:03,1671063123,S6***-DUTA,2022年里约热内卢锦标赛挑战组亲笔签名胶囊,印花 | interz | 2022年里约热内卢锦标赛,1671063123
2022-12-14 19:12:04,1671063124,AH***-99SA,2022年里约热内卢锦标赛冠军亲笔签名胶囊,印花 | Jame（冠军）| 2022年里约热内卢锦标赛,1671063124
2022-12-14 19:12:04,1671063124,S7***-U3HG,地平线武器箱,Tec-9 | 蛇-9,1671063124
2022-12-14 19:12:05,1671063125,SB***-7DQE,2022年里约热内卢锦标赛传奇组亲笔签名胶囊,印花 | Aleksib | 2022年里约热内卢锦标赛,1671063125
2022-12-14 19:12:06,1671063126,AN***-KGNG,2022年里约热内卢锦标赛挑战组亲笔签名胶囊,印花 | Brehze | 2022年里约热内卢锦标赛,1671063126
2022-12-14 19:12:07,1671063127,S6***-DUTA,2022年里约热内卢锦标赛挑战组亲笔签名胶囊,印花 | nexa（闪耀）| 2022年里约热内卢锦标赛,1671063127
2022-12-14 19:12:07,1671063127,AT***-92PG,2022年里约热内卢锦标赛挑战组印花胶囊,印花 | BIG | 2022年里约热内卢锦标赛,1671063127
2022-12-14 19:12:08,1671063128,SQ***-WREC,2022年里约热内卢锦标赛传奇组印花胶囊,印花 | Natus Vincere（闪耀）| 2022年里约热内卢锦标赛,1671063128
2022-12-14 19:12:09,1671063129,AH***-99SA,2022年里约热内卢锦标赛冠军亲笔签名胶囊,印花 | fame（冠军）| 2022年里约热内卢锦标赛,1671063129
2022-12-14 19:12:09,1671063129,A9***-CGTL,2022年里约热内卢锦标赛挑战组亲笔签名胶囊,印花 | max | 2022年里约热内卢锦标赛,1671063129
2022-12-14 19:20:07,1671063607,AA***-T8FL,左轮武器箱,截短霰弹枪 | 弄臣之颅,1671063607
2022-12-14 19:20:08,1671063608,SE***-CFTJ,蛇噬武器箱,R8 左轮手枪 | 废物王,1671063608
2022-12-14 19:20:11,1671063611,SN***-P9ZC,2022年里约热内卢锦标赛挑战组亲笔签名胶囊,印花 | SENER1 | 2022年里约热内卢锦标赛,1671063611
2022-12-14 19:20:12,1671063612,SP***-UVPE,2022年里约热内卢锦标赛传奇组亲笔签名胶囊,印花 | karrigan | 2022年里约热内卢锦标赛,1671063612
2022-12-14 19:20:12,1671063612,SN***-MYSE,梦魇武器箱,SCAR-20 | 暗夜活死鸡,1671063612
2022-12-14 19:20:14,1671063614,S6***-DUTA,2022年里约热内卢锦标赛挑战组亲笔签名胶囊,印花 | frozen | 2022年里约热内卢锦标赛,1671063614
2022-12-14 19:20:14,1671063614,SC***-RSPC,2022年里约热内卢锦标赛传奇组印花胶囊,印花 | Natus Vincere | 2022年里约热内卢锦标赛,1671063614
2022-12-14 19:20:16,1671063616,A9***-CGTL,2022年里约热内卢锦标赛挑战组亲笔签名胶囊,印花 | ZywOo | 2022年里约热内卢锦标赛,1671063616
2022-12-14 19:20:19,1671063619,AA***-T8FL,左轮武器箱,R8 左轮手枪 | 深红之网,1671063619
2022-12-14 19:20:21,1671063621,S6***-TQSE,命悬一线武器箱,MAG-7 | SWAG-7,1671063621
2022-12-14 19:20:21,1671063621,SL***-ZJEA,2022年里约热内卢锦标赛传奇组印花胶囊,印花 | Natus Vincere | 2022年里约热内卢锦标赛,1671063621
2022-12-14 19:20:22,1671063622,SP***-UVPE,2022年里约热内卢锦标赛传奇组亲笔签名胶囊,印花 | TeSeS | 2022年里约热内卢锦标赛,1671063622
2022-12-14 19:20:23,1671063623,SR***-B4ZE,伽玛武器箱,PP-野牛 | 收割机,1671063623
2022-12-14 19:20:25,1671063625,SN***-MYSE,梦魇武器箱,FN57 | 涂鸦潦草,1671063625
2022-12-14 19:20:25,1671063625,SC***-RSPC,2022年里约热内卢锦标赛传奇组印花胶囊,印花 | Ninjas in Pyjamas | 2022年里约热内卢锦标赛,1671063625
2022-12-14 19:20:28,1671063628,SM***-ZUVL,点亮中国 2 号印花胶囊,印花 | 怒从心生,1671063628
2022-12-14 19:20:28,1671063628,S6***-TQSE,命悬一线武器箱,P2000 | 都市危机,1671063628
2022-12-14 19:20:31,1671063631,SP***-UVPE,2022年里约热内卢锦标赛传奇组亲笔签名胶囊,印花 | YEKINDAR | 2022年里约热内卢锦标赛,1671063631
2022-12-14 19:20:32,1671063632,AA***-T8FL,左轮武器箱,截短霰弹枪 | 弄臣之颅,1671063632
2022-12-14 19:20:34,1671063634,SC***-RSPC,2022年里约热内卢锦标赛传奇组印花胶囊,印花 | Ninjas in Pyjamas | 2022年里约热内卢锦标赛,1671063634
2022-12-14 19:20:34,1671063634,SL***-ZJEA,2022年里约热内卢锦标赛传奇组印花胶囊,印花 | IEM | 2022年里约热内卢锦标赛,1671063634
2022-12-14 19:20:34,1671063634,SX***-VGSL,2022年里约热内卢锦标赛传奇组亲笔签名胶囊,印花 | Perfecto | 2022年里约热内卢锦标赛,1671063634
2022-12-14 19:20:36,1671063636,A9***-CGTL,2022年里约热内卢锦标赛挑战组亲笔签名胶囊,印花 | nexa | 2022年里约热内卢锦标赛,1671063636
2022-12-14 19:20:38,1671063638,SN***-MYSE,梦魇武器箱,SCAR-20 | 暗夜活死鸡,1671063638
2022-12-14 19:20:38,1671063638,SL***-Z8UC,蛇噬武器箱,新星 | 随风,1671063638
2022-12-14 19:20:41,1671063641,SR***-B4ZE,伽玛武器箱,Tec-9 | 冰冠,1671063641
2022-12-14 19:20:42,1671063642,SP***-UVPE,2022年里约热内卢锦标赛传奇组亲笔签名胶囊,印花 | SunPayus | 2022年里约热内卢锦标赛,1671063642
2022-12-14 19:20:43,1671063643,S7***-4LQE,反恐精英20周年武器箱,Tec-9 | 闪光舞步,1671063643
2022-12-14 19:20:44,1671063644,SC***-RSPC,2022年里约热内卢锦标赛传奇组印花胶囊,印花 | Team Liquid | 2022年里约热内卢锦标赛,1671063644
2022-12-14 19:20:44,1671063644,SX***-VGSL,2022年里约热内卢锦标赛传奇组亲笔签名胶囊,印花 | electronic | 2022年里约热内卢锦标赛,1671063644
2022-12-14 19:20:44,1671063644,AW***-WCTA,反冲武器箱,内格夫 | 丢把枪,1671063644
2022-12-14 19:20:44,1671063644,S6***-DUTA,2022年里约热内卢锦标赛挑战组亲笔签名胶囊,印花 | degster（全息）| 2022年里约热内卢锦标赛,1671063644
2022-12-14 19:20:44,1671063644,AA***-T8FL,左轮武器箱,截短霰弹枪 | 弄臣之颅,1671063644
2022-12-14 19:20:45,1671063645,SL***-ZJEA,2022年里约热内卢锦标赛传奇组印花胶囊,印花 | Natus Vincere | 2022年里约热内卢锦标赛,1671063645
2022-12-14 19:20:46,1671063646,A9***-CGTL,2022年里约热内卢锦标赛挑战组亲笔签名胶囊,印花 | apEX | 2022年里约热内卢锦标赛,1671063646
2022-12-14 19:20:50,1671063650,AP***-7AFG,2022年安特卫普锦标赛竞争组印花胶囊,印花 | Team Spirit | 2022年安特卫普锦标赛,1671063650
2022-12-14 19:20:50,1671063650,SN***-MYSE,梦魇武器箱,MP7 | 幽幻深渊,1671063650
2022-12-14 19:20:52,1671063652,SQ***-LAYG,2022年安特卫普锦标赛传奇组印花胶囊,印花 | FURIA | 2022年安特卫普锦标赛,1671063652
2022-12-14 19:20:52,1671063652,SP***-UVPE,2022年里约热内卢锦标赛传奇组亲笔签名胶囊,印花 | magixx | 2022年里约热内卢锦标赛,1671063652
2022-12-14 19:20:53,1671063653,SX***-VGSL,2022年里约热内卢锦标赛传奇组亲笔签名胶囊,印花 | magixx | 2022年里约热内卢锦标赛,1671063653
2022-12-14 19:20:55,1671063655,SL***-ZJEA,2022年里约热内卢锦标赛传奇组印花胶囊,印花 | Heroic | 2022年里约热内卢锦标赛,1671063655
2022-12-14 19:20:55,1671063655,SC***-RSPC,2022年里约热内卢锦标赛传奇组印花胶囊,印花 | IEM | 2022年里约热内卢锦标赛,1671063655
2022-12-14 19:20:56,1671063656,AW***-WCTA,反冲武器箱,M4A4 | 透明弹匣,1671063656
2022-12-14 19:20:56,1671063656,A9***-CGTL,2022年里约热内卢锦标赛挑战组亲笔签名胶囊,印花 | torzsi | 2022年里约热内卢锦标赛,1671063656
2022-12-14 19:20:57,1671063657,AA***-T8FL,左轮武器箱,P2000 | 至高帝皇,1671063657
2022-12-14 19:21:00,1671063660,SE***-CFTJ,命悬一线武器箱,R8 左轮手枪（StatTrak™） | 稳,1671063660
2022-12-14 19:21:02,1671063662,SP***-UVPE,2022年里约热内卢锦标赛传奇组亲笔签名胶囊,印花 | slaxz- | 2022年里约热内卢锦标赛,1671063662
2022-12-14 19:21:03,1671063663,AA***-XTHA,梦魇武器箱,MP5-SD | 小小噩梦,1671063663
2022-12-14 19:21:04,1671063664,AP***-7AFG,2022年安特卫普锦标赛竞争组印花胶囊,印花 | Complexity Gaming | 2022年安特卫普锦标赛,1671063664
2022-12-14 19:21:05,1671063665,SL***-ZJEA,2022年里约热内卢锦标赛传奇组印花胶囊,印花 | Heroic | 2022年里约热内卢锦标赛,1671063665
2022-12-14 19:21:06,1671063666,A9***-CGTL,2022年里约热内卢锦标赛挑战组亲笔签名胶囊,印花 | Spinx | 2022年里约热内卢锦标赛,1671063666
2022-12-14 19:21:08,1671063668,SC***-RSPC,2022年里约热内卢锦标赛传奇组印花胶囊,印花 | IEM | 2022年里约热内卢锦标赛,1671063668
2022-12-14 19:21:08,1671063668,AW***-WCTA,反冲武器箱,法玛斯 | 喵喵36,1671063668
2022-12-14 19:21:08,1671063668,S7***-4LQE,梦魇武器箱,MAG-7 | 先见之明,1671063668
2022-12-14 19:21:09,1671063669,AA***-T8FL,左轮武器箱,P2000 | 至高帝皇,1671063669
2022-12-14 19:21:10,1671063670,SX***-VGSL,2022年里约热内卢锦标赛传奇组亲笔签名胶囊,印花 | TeSeS | 2022年里约热内卢锦标赛,1671063670
2022-12-14 19:21:11,1671063671,AT***-KCYE,蛇噬武器箱,UMP-45 | 动摇,1671063671
2022-12-14 19:21:12,1671063672,SP***-UVPE,2022年里约热内卢锦标赛传奇组亲笔签名胶囊,印花 | magixx | 2022年里约热内卢锦标赛,1671063672
2022-12-14 19:21:14,1671063674,SF***-EKUN,2022年安特卫普锦标赛挑战组亲笔签名胶囊,印花 | NiKo（闪耀） | 2022年安特卫普锦标赛,1671063674
2022-12-14 19:21:16,1671063676,SL***-ZJEA,2022年里约热内卢锦标赛传奇组印花胶囊,印花 | Natus Vincere | 2022年里约热内卢锦标赛,1671063676
2022-12-14 19:21:17,1671063677,AD***-XZEE,2022年里约热内卢锦标赛传奇组印花胶囊,印花 | Sprout Esports | 2022年里约热内卢锦标赛,1671063677
2022-12-14 19:21:18,1671063678,SC***-RSPC,2022年里约热内卢锦标赛传奇组印花胶囊,印花 | Sprout Esports | 2022年里约热内卢锦标赛,1671063678
2022-12-14 19:21:19,1671063679,A9***-CGTL,2022年里约热内卢锦标赛挑战组亲笔签名胶囊,印花 | HexT（闪耀）| 2022年里约热内卢锦标赛,1671063679
2022-12-14 19:21:21,1671063681,SX***-VGSL,2022年里约热内卢锦标赛挑战组亲笔签名胶囊,印花 | torzsi | 2022年里约热内卢锦标赛,1671063681
2022-12-14 19:21:21,1671063681,SP***-UVPE,2022年里约热内卢锦标赛传奇组亲笔签名胶囊,印花 | SunPayus | 2022年里约热内卢锦标赛,1671063681
2022-12-14 19:21:21,1671063681,AP***-7AFG,2022年安特卫普锦标赛竞争组印花胶囊,印花 | PGL | 2022年安特卫普锦标赛,1671063681
2022-12-14 19:21:22,1671063682,AW***-WCTA,反冲武器箱,格洛克 18 型 | 冬季战术,1671063682
2022-12-14 19:21:22,1671063682,AA***-T8FL,左轮武器箱,AUG | 弹跳线条,1671063682
2022-12-14 19:21:23,1671063683,S7***-4LQE,梦魇武器箱,截短霰弹枪 | 灵应牌,1671063683
2022-12-14 19:21:25,1671063685,SN***-MYSE,梦魇武器箱,P2000（StatTrak™） | 升天,1671063685
2022-12-14 19:21:26,1671063686,SL***-ZJEA,2022年里约热内卢锦标赛传奇组印花胶囊,印花 | Sprout Esports | 2022年里约热内卢锦标赛,1671063686
2022-12-14 19:21:28,1671063688,SC***-RSPC,2022年里约热内卢锦标赛传奇组印花胶囊,印花 | Ninjas in Pyjamas | 2022年里约热内卢锦标赛,1671063688
2022-12-14 19:21:29,1671063689,A9***-CGTL,2022年里约热内卢锦标赛挑战组亲笔签名胶囊,印花 | Brehze（闪耀）| 2022年里约热内卢锦标赛,1671063689
2022-12-14 19:21:29,1671063689,AW***-WCTA,反冲武器箱,内格夫 | 丢把枪,1671063689
2022-12-14 19:21:29,1671063689,AD***-XZEE,2022年里约热内卢锦标赛传奇组亲笔签名胶囊,印花 | cadiaN | 2022年里约热内卢锦标赛,1671063689
2022-12-14 19:21:30,1671063690,AE***-46NE,棱彩2号武器箱,沙漠之鹰 | 蓝色层压板,1671063690
2022-12-14 19:21:30,1671063690,SP***-UVPE,2022年里约热内卢锦标赛传奇组亲笔签名胶囊,印花 | refrezh（闪耀）| 2022年里约热内卢锦标赛,1671063690
2022-12-14 19:21:31,1671063691,SX***-VGSL,2022年里约热内卢锦标赛挑战组亲笔签名胶囊,印花 | BUDA | 2022年里约热内卢锦标赛,1671063691
2022-12-14 19:21:32,1671063692,AP***-7AFG,2022年安特卫普锦标赛竞争组印花胶囊,印花 | Complexity Gaming（全息）| 2022年安特卫普锦标赛,1671063692
2022-12-14 19:21:32,1671063692,SF***-EKUN,2022年里约热内卢锦标赛荒漠迷城纪念包,P250（纪念品） | 天旱,1671063692
2022-12-14 19:21:32,1671063692,S4***-R8PE,系列 3 收藏胸章胶囊,死刑胸章,1671063692
2022-12-14 19:21:35,1671063695,AA***-T8FL,左轮武器箱,AUG | 弹跳线条,1671063695
2022-12-14 19:21:36,1671063696,SL***-ZJEA,2022年里约热内卢锦标赛传奇组印花胶囊,印花 | Heroic | 2022年里约热内卢锦标赛,1671063696
2022-12-14 19:21:37,1671063697,SC***-RSPC,2022年里约热内卢锦标赛传奇组印花胶囊,印花 | Ninjas in Pyjamas | 2022年里约热内卢锦标赛,1671063697
2022-12-14 19:21:37,1671063697,SN***-MYSE,梦魇武器箱,MAG-7 | 先见之明,1671063697
2022-12-14 19:21:39,1671063699,A9***-CGTL,2022年里约热内卢锦标赛挑战组亲笔签名胶囊,印花 | Ax1Le | 2022年里约热内卢锦标赛,1671063699
2022-12-14 19:21:40,1671063700,AD***-XZEE,2022年里约热内卢锦标赛传奇组亲笔签名胶囊,印花 | oSee | 2022年里约热内卢锦标赛,1671063700
2022-12-14 19:21:41,1671063701,SP***-UVPE,2022年里约热内卢锦标赛传奇组亲笔签名胶囊,印花 | ropz | 2022年里约热内卢锦标赛,1671063701
2022-12-14 19:21:41,1671063701,AW***-WCTA,反冲武器箱,UMP-45 | 路障,1671063701
2022-12-14 19:21:42,1671063702,SX***-VGSL,2022年里约热内卢锦标赛竞争组亲笔签名胶囊,印花 | vexite | 2022年里约热内卢锦标赛,1671063702
2022-12-14 19:21:42,1671063702,AT***-KCYE,梦魇武器箱,MAG-7 | 先见之明,1671063702
2022-12-14 19:21:45,1671063705,SE***-CFTJ,裂空武器箱,内格夫 | 飞羽,1671063705
2022-12-14 19:21:46,1671063706,S8***-CJWE,2022年里约热内卢锦标赛挑战组印花胶囊,印花 | Bad News Eagles | 2022年里约热内卢锦标赛,1671063706
2022-12-14 19:21:46,1671063706,SL***-ZJEA,2022年里约热内卢锦标赛传奇组印花胶囊,印花 | Natus Vincere | 2022年里约热内卢锦标赛,1671063706
2022-12-14 19:21:46,1671063706,SF***-EKUN,2022年安特卫普锦标赛挑战组亲笔签名胶囊,印花 | fnx | 2022年安特卫普锦标赛,1671063706
2022-12-14 19:21:47,1671063707,AE***-46NE,梦魇武器箱,MAG-7 | 先见之明,1671063707
2022-12-14 19:21:47,1671063707,AA***-T8FL,左轮武器箱,截短霰弹枪 | 弄臣之颅,1671063707
2022-12-14 19:21:48,1671063708,SC***-RSPC,2022年里约热内卢锦标赛传奇组印花胶囊,印花 | Sprout Esports | 2022年里约热内卢锦标赛,1671063708
2022-12-14 19:21:49,1671063709,A9***-CGTL,2022年里约热内卢锦标赛挑战组亲笔签名胶囊,印花 | degster（闪耀）| 2022年里约热内卢锦标赛,1671063709
2022-12-14 19:21:49,1671063709,AD***-XZEE,2022年里约热内卢锦标赛传奇组印花胶囊,印花 | IEM | 2022年里约热内卢锦标赛,1671063709
2022-12-14 19:21:50,1671063710,SP***-UVPE,2022年里约热内卢锦标赛传奇组亲笔签名胶囊,印花 | lauNX | 2022年里约热内卢锦标赛,1671063710
2022-12-14 19:21:50,1671063710,SN***-MYSE,梦魇武器箱,MAG-7 | 先见之明,1671063710
2022-12-14 19:21:51,1671063711,SX***-VGSL,2022年里约热内卢锦标赛竞争组亲笔签名胶囊,印花 | arT（闪耀）| 2022年里约热内卢锦标赛,1671063711
2022-12-14 19:21:55,1671063715,AW***-WCTA,反冲武器箱,MAC-10 | 萌猴迷彩,1671063715
2022-12-14 19:21:55,1671063715,AP***-7AFG,2022年安特卫普锦标赛竞争组印花胶囊,印花 | Eternal Fire | 2022年安特卫普锦标赛,1671063715
2022-12-14 19:21:55,1671063715,A3***-U8FN,2022年安特卫普锦标赛竞争组亲笔签名胶囊,印花 | Grim | 2022年安特卫普锦标赛,1671063715
2022-12-14 19:21:56,1671063716,SF***-EKUN,2022年安特卫普锦标赛挑战组亲笔签名胶囊,印花 | chelo | 2022年安特卫普锦标赛,1671063716
2022-12-14 19:21:56,1671063716,SL***-ZJEA,2022年里约热内卢锦标赛传奇组印花胶囊,印花 | Team Liquid | 2022年里约热内卢锦标赛,1671063716
2022-12-14 19:21:57,1671063717,SC***-RSPC,2022年里约热内卢锦标赛传奇组印花胶囊,印花 | Team Liquid | 2022年里约热内卢锦标赛,1671063717
2022-12-14 19:21:59,1671063719,SP***-UVPE,2022年里约热内卢锦标赛传奇组亲笔签名胶囊,印花 | Aleksib | 2022年里约热内卢锦标赛,1671063719
2022-12-14 19:22:00,1671063720,AA***-T8FL,左轮武器箱,沙漠之鹰（StatTrak™） | 科林斯遗产,1671063720
2022-12-14 19:22:00,1671063720,S8***-Q6UA,裂空武器箱,P2000 | 盘根错节,1671063720
2022-12-14 19:22:00,1671063720,AE***-46NE,棱彩2号武器箱,SCAR-20（StatTrak™） | 执行者,1671063720
2022-12-14 19:22:01,1671063721,SX***-VGSL,2022年里约热内卢锦标赛传奇组亲笔签名胶囊,印花 | Zyphon | 2022年里约热内卢锦标赛,1671063721
2022-12-14 19:22:02,1671063722,SF***-EKUN,2022年安特卫普锦标赛挑战组亲笔签名胶囊,印花 | apEX | 2022年安特卫普锦标赛,1671063722
2022-12-14 19:22:02,1671063722,SN***-MYSE,梦魇武器箱,截短霰弹枪 | 灵应牌,1671063722
2022-12-14 19:22:04,1671063724,AP***-7AFG,2022年安特卫普锦标赛竞争组印花胶囊,印花 | Renegades | 2022年安特卫普锦标赛,1671063724
2022-12-14 19:22:05,1671063725,A3***-U8FN,2022年安特卫普锦标赛竞争组亲笔签名胶囊,印花 | aliStair | 2022年安特卫普锦标赛,1671063725
2022-12-14 19:22:05,1671063725,SL***-ZJEA,2022年里约热内卢锦标赛传奇组印花胶囊,印花 | ENCE（全息）| 2022年里约热内卢锦标赛,1671063725
2022-12-14 19:22:08,1671063728,SU***-7PUN,2022年里约热内卢锦标赛传奇组印花胶囊,印花 | Sprout Esports | 2022年里约热内卢锦标赛,1671063728
2022-12-14 19:22:08,1671063728,SP***-UVPE,2022年里约热内卢锦标赛传奇组亲笔签名胶囊,印花 | Staehr | 2022年里约热内卢锦标赛,1671063728
2022-12-14 19:22:09,1671063729,SC***-RSPC,2022年里约热内卢锦标赛传奇组印花胶囊,印花 | FaZe Clan（闪耀）| 2022年里约热内卢锦标赛,1671063729
2022-12-14 19:22:10,1671063730,SR***-B4ZE,伽玛武器箱,FN57 | 霸意大名,1671063730
2022-12-14 19:22:11,1671063731,S8***-CJWE,2022年里约热内卢锦标赛挑战组印花胶囊,印花 | Vitality | 2022年里约热内卢锦标赛,1671063731
2022-12-14 19:22:11,1671063731,SV***-QDPA,2020 RMR 传奇组战队胶囊,印花 | Heroic | 2020 RMR,1671063731
2022-12-14 19:22:11,1671063731,SF***-EKUN,2022年安特卫普锦标赛挑战组亲笔签名胶囊,印花 | NiKo | 2022年安特卫普锦标赛,1671063731
2022-12-14 19:22:12,1671063732,AA***-T8FL,左轮武器箱,R8 左轮手枪 | 深红之网,1671063732
2022-12-14 19:22:12,1671063732,AW***-WCTA,反冲武器箱,格洛克 18 型 | 冬季战术,1671063732
2022-12-14 19:22:13,1671063733,AP***-7AFG,2022年安特卫普锦标赛竞争组印花胶囊,印花 | Team Spirit | 2022年安特卫普锦标赛,1671063733
2022-12-14 19:22:13,1671063733,A3***-U8FN,2022年安特卫普锦标赛竞争组亲笔签名胶囊,印花 | JT | 2022年安特卫普锦标赛,1671063733
2022-12-14 19:22:13,1671063733,SX***-VGSL,2022年里约热内卢锦标赛挑战组亲笔签名胶囊,印花 | Krimbo | 2022年里约热内卢锦标赛,1671063733
2022-12-14 19:22:14,1671063734,SN***-MYSE,梦魇武器箱,截短霰弹枪 | 灵应牌,1671063734
2022-12-14 19:22:15,1671063735,AE***-46NE,反恐精英20周年武器箱,法玛斯 | 退役,1671063735
2022-12-14 19:22:16,1671063736,SU***-7PUN,2022年里约热内卢锦标赛传奇组印花胶囊,印花 | Sprout Esports | 2022年里约热内卢锦标赛,1671063736
2022-12-14 19:22:17,1671063737,A3***-U8FN,2022年安特卫普锦标赛竞争组亲笔签名胶囊,印花 | JT | 2022年安特卫普锦标赛,1671063737
2022-12-14 19:22:17,1671063737,SN***-P9ZC,2022年里约热内卢锦标赛挑战组亲笔签名胶囊,印花 | k1to | 2022年里约热内卢锦标赛,1671063737
2022-12-14 19:22:20,1671063740,S8***-CJWE,2022年里约热内卢锦标赛挑战组印花胶囊,印花 | Bad News Eagles | 2022年里约热内卢锦标赛,1671063740
2022-12-14 19:22:20,1671063740,A3***-U8FN,2022年安特卫普锦标赛竞争组亲笔签名胶囊,印花 | bLitz | 2022年安特卫普锦标赛,1671063740
2022-12-14 19:22:21,1671063741,SF***-EKUN,2022年安特卫普锦标赛挑战组亲笔签名胶囊,印花 | Snappi | 2022年安特卫普锦标赛,1671063741
2022-12-14 19:22:22,1671063742,AP***-7AFG,2022年安特卫普锦标赛竞争组印花胶囊,印花 | 9z Team | 2022年安特卫普锦标赛,1671063742
2022-12-14 19:22:23,1671063743,AA***-K6XG,2022年里约热内卢锦标赛冠军亲笔签名胶囊,印花 | n0rb3r7（冠军）| 2022年里约热内卢锦标赛,1671063743
2022-12-14 19:22:23,1671063743,SY***-TKTJ,梦魇武器箱,MAG-7（StatTrak™） | 先见之明,1671063743
2022-12-14 19:22:24,1671063744,SU***-7PUN,2022年里约热内卢锦标赛传奇组印花胶囊,印花 | Team Spirit | 2022年里约热内卢锦标赛,1671063744
2022-12-14 19:22:25,1671063745,A3***-U8FN,2022年安特卫普锦标赛竞争组亲笔签名胶囊,印花 | floppy（闪耀） | 2022年安特卫普锦标赛,1671063745
2022-12-14 19:22:25,1671063745,AA***-T8FL,左轮武器箱,沙漠之鹰 | 科林斯遗产,1671063745
2022-12-14 19:22:26,1671063746,SX***-VGSL,2022年里约热内卢锦标赛竞争组亲笔签名胶囊,印花 | acoR（闪耀）| 2022年里约热内卢锦标赛,1671063746
2022-12-14 19:22:26,1671063746,SQ***-VJVJ,梦魇武器箱,USP 消音版 | 地狱门票,1671063746
2022-12-14 19:22:26,1671063746,SN***-MYSE,梦魇武器箱,MP5-SD | 小小噩梦,1671063746
2022-12-14 19:22:28,1671063748,SN***-P9ZC,2022年里约热内卢锦标赛挑战组亲笔签名胶囊,印花 | xertioN | 2022年里约热内卢锦标赛,1671063748
2022-12-14 19:22:29,1671063749,S8***-CJWE,2022年里约热内卢锦标赛挑战组印花胶囊,印花 | Bad News Eagles | 2022年里约热内卢锦标赛,1671063749
2022-12-14 19:22:30,1671063750,SP***-UVPE,2022年里约热内卢锦标赛传奇组亲笔签名胶囊,印花 | v4lde | 2022年里约热内卢锦标赛,1671063750
2022-12-14 19:22:30,1671063750,A3***-U8FN,2022年安特卫普锦标赛竞争组印花胶囊,印花 | IHC Esports | 2022年安特卫普锦标赛,1671063750
2022-12-14 19:22:30,1671063750,AE***-46NE,命悬一线武器箱,内格夫 | 狮子鱼,1671063750
2022-12-14 19:22:31,1671063751,SF***-EKUN,2022年里约热内卢锦标赛炙热沙城 II 纪念包,P90（纪念品） | 沙漠 DDPAT,1671063751
2022-12-14 19:22:33,1671063753,SU***-7PUN,2022年里约热内卢锦标赛传奇组印花胶囊,印花 | Team Liquid | 2022年里约热内卢锦标赛,1671063753
2022-12-14 19:22:33,1671063753,AP***-7AFG,2022年安特卫普锦标赛竞争组印花胶囊,印花 | Team Spirit（闪耀）| 2022年安特卫普锦标赛,1671063753
2022-12-14 19:22:33,1671063753,AV***-MJTE,2022年里约热内卢锦标赛远古遗迹纪念包,SSG 08（纪念品） | 丛林虚线,1671063753
2022-12-14 19:22:33,1671063753,A3***-U8FN,2022年安特卫普锦标赛竞争组印花胶囊,印花 | Outsiders（闪耀）| 2022年安特卫普锦标赛,1671063753
2022-12-14 19:22:36,1671063756,AA***-K6XG,2022年里约热内卢锦标赛冠军亲笔签名胶囊,印花 | n0rb3r7（冠军）| 2022年里约热内卢锦标赛,1671063756
2022-12-14 19:22:37,1671063757,S8***-CJWE,2022年里约热内卢锦标赛挑战组印花胶囊,印花 | Cloud9（闪耀）| 2022年里约热内卢锦标赛,1671063757
2022-12-14 19:22:37,1671063757,AA***-T8FL,左轮武器箱,AUG | 弹跳线条,1671063757
2022-12-14 19:22:37,1671063757,ST***-XNPQ,梦魇武器箱,PP-野牛 | 太空猫,1671063757
2022-12-14 19:22:38,1671063758,SN***-P9ZC,2022年里约热内卢锦标赛挑战组亲笔签名胶囊,印花 | dexter | 2022年里约热内卢锦标赛,1671063758
2022-12-14 19:22:39,1671063759,SX***-VGSL,2022年里约热内卢锦标赛挑战组亲笔签名胶囊,印花 | Hobbit（闪耀）| 2022年里约热内卢锦标赛,1671063759
2022-12-14 19:22:41,1671063761,SU***-7PUN,2022年里约热内卢锦标赛传奇组印花胶囊,印花 | FaZe Clan | 2022年里约热内卢锦标赛,1671063761
2022-12-14 19:22:42,1671063762,SL***-ZJEA,2022年里约热内卢锦标赛传奇组印花胶囊,印花 | Team Spirit | 2022年里约热内卢锦标赛,1671063762
2022-12-14 19:22:42,1671063762,SP***-UVPE,2022年里约热内卢锦标赛传奇组亲笔签名胶囊,印花 | Zyphon | 2022年里约热内卢锦标赛,1671063762
2022-12-14 19:22:43,1671063763,S7***-Y3UN,蛇噬武器箱,SG 553 | 重金属摇滚,1671063763
2022-12-14 19:22:43,1671063763,AE***-46NE,反恐精英20周年武器箱,P250 | 炼狱小镇,1671063763
2022-12-14 19:22:45,1671063765,A9***-CGTL,2022年里约热内卢锦标赛挑战组亲笔签名胶囊,印花 | syrsoN | 2022年里约热内卢锦标赛,1671063765
2022-12-14 19:22:46,1671063766,S8***-CJWE,2022年里约热内卢锦标赛挑战组印花胶囊,印花 | BIG | 2022年里约热内卢锦标赛,1671063766
2022-12-14 19:22:46,1671063766,AA***-K6XG,2022年里约热内卢锦标赛冠军亲笔签名胶囊,印花 | fame（闪耀，冠军）| 2022年里约热内卢锦标赛,1671063766
2022-12-14 19:22:47,1671063767,AB***-JDSN,2022年里约热内卢锦标赛传奇组印花胶囊,印花 | Sprout Esports | 2022年里约热内卢锦标赛,1671063767
2022-12-14 19:22:47,1671063767,AV***-MJTE,2022年里约热内卢锦标赛殒命大厦纪念包,XM1014（纪念品） | 蓝色轮胎,1671063767
2022-12-14 19:22:49,1671063769,SX***-VGSL,2022年里约热内卢锦标赛竞争组亲笔签名胶囊,印花 | Sico（闪耀）| 2022年里约热内卢锦标赛,1671063769
2022-12-14 19:22:50,1671063770,AA***-T8FL,左轮武器箱,AUG | 弹跳线条,1671063770
2022-12-14 19:22:52,1671063772,SL***-ZJEA,2022年里约热内卢锦标赛传奇组印花胶囊,印花 | Team Liquid | 2022年里约热内卢锦标赛,1671063772
2022-12-14 19:22:52,1671063772,AP***-7AFG,2022年安特卫普锦标赛竞争组印花胶囊,印花 | Team Spirit | 2022年安特卫普锦标赛,1671063772
2022-12-14 19:22:52,1671063772,SP***-UVPE,2022年里约热内卢锦标赛传奇组亲笔签名胶囊,印花 | Zyphon | 2022年里约热内卢锦标赛,1671063772
2022-12-14 19:22:53,1671063773,ST***-XNPQ,梦魇武器箱,PP-野牛 | 太空猫,1671063773
2022-12-14 19:22:53,1671063773,AT***-3LPE,2022年里约热内卢锦标赛传奇组亲笔签名胶囊,印花 | chopper（闪耀）| 2022年里约热内卢锦标赛,1671063773
2022-12-14 19:22:54,1671063774,S8***-CJWE,2022年里约热内卢锦标赛挑战组印花胶囊,印花 | Evil Geniuses（闪耀）| 2022年里约热内卢锦标赛,1671063774
2022-12-14 19:22:56,1671063776,AU***-6PNN,反冲武器箱,UMP-45 | 路障,1671063776
2022-12-14 19:22:56,1671063776,AE***-46NE,命悬一线武器箱,AWP | 死神,1671063776
2022-12-14 19:22:56,1671063776,AA***-K6XG,2022年里约热内卢锦标赛冠军亲笔签名胶囊,印花 | Jame（闪耀，冠军）| 2022年里约热内卢锦标赛,1671063776
2022-12-14 19:22:58,1671063778,A9***-CGTL,2022年里约热内卢锦标赛挑战组亲笔签名胶囊,印花 | dexter | 2022年里约热内卢锦标赛,1671063778
2022-12-14 19:23:01,1671063781,AV***-MJTE,2022年里约热内卢锦标赛荒漠迷城纪念包,MAG-7（纪念品） | 海军之辉,1671063781
2022-12-14 19:23:02,1671063782,AJ***-9GSE,2022年里约热内卢锦标赛竞争组印花胶囊,印花 | Imperial Esports | 2022年里约热内卢锦标赛,1671063782
2022-12-14 19:23:03,1671063783,S8***-CJWE,2022年里约热内卢锦标赛挑战组印花胶囊,印花 | BIG | 2022年里约热内卢锦标赛,1671063783
2022-12-14 19:23:03,1671063783,SX***-VGSL,2022年里约热内卢锦标赛竞争组亲笔签名胶囊,印花 | n0rb3r7 | 2022年里约热内卢锦标赛,1671063783
2022-12-14 19:23:04,1671063784,SP***-UVPE,2022年里约热内卢锦标赛传奇组亲笔签名胶囊,印花 | Snappi | 2022年里约热内卢锦标赛,1671063784
2022-12-14 19:23:04,1671063784,AT***-3LPE,2022年里约热内卢锦标赛传奇组亲笔签名胶囊,印花 | refrezh | 2022年里约热内卢锦标赛,1671063784
2022-12-14 19:23:06,1671063786,AA***-K6XG,2022年里约热内卢锦标赛冠军亲笔签名胶囊,印花 | FL1T（闪耀，冠军）| 2022年里约热内卢锦标赛,1671063786
2022-12-14 19:23:08,1671063788,AV***-MJTE,2022年里约热内卢锦标赛荒漠迷城纪念包,MAG-7（纪念品） | 海军之辉,1671063788
2022-12-14 19:23:09,1671063789,A9***-CGTL,2022年里约热内卢锦标赛挑战组亲笔签名胶囊,印花 | dgt | 2022年里约热内卢锦标赛,1671063789
2022-12-14 19:23:09,1671063789,ST***-XNPQ,梦魇武器箱,MAG-7 | 先见之明,1671063789
2022-12-14 19:23:10,1671063790,S6***-DUTA,2022年里约热内卢锦标赛挑战组亲笔签名胶囊,印花 | CeRq（闪耀）| 2022年里约热内卢锦标赛,1671063790
2022-12-14 19:23:10,1671063790,S8***-CJWE,2022年里约热内卢锦标赛挑战组印花胶囊,印花 | OG | 2022年里约热内卢锦标赛,1671063790
2022-12-14 19:23:11,1671063791,AE***-K5ZA,2022年里约热内卢锦标赛传奇组亲笔签名胶囊,印花 | ropz（金色）| 2022年里约热内卢锦标赛,1671063791
2022-12-14 19:23:11,1671063791,AE***-46NE,地平线武器箱,新星（StatTrak™） | 玩具士兵,1671063791
